source_url,target_url,status,error,final_url
https://www.lanecountyor.gov/cms/One.aspx?portalId=3585881&pageId=4078566,https://www.lanecounty.org/UserFiles/Servers/Server_3585797/File/Government/County%20Departments/Health%20and%20Human%20Services/Public%20Health/Communicable%20Disease/LCVaccineRec-2025-09-18.pdf,200,,https://cdnsm5-hosted.civiclive.com/UserFiles/Servers/Server_3585797/File/Government/County%20Departments/Health%20and%20Human%20Services/Public%20Health/Communicable%20Disease/LCVaccineRec-2025-09-18.pdf
https://www.lanecountyor.gov/cms/One.aspx?portalId=3585881&pageId=4078590,https://www.lanecounty.org/UserFiles/Servers/Server_3585797/File/Government/County%20Departments/Health%20and%20Human%20Services/Public%20Health/Communicable%20Disease/LCVaccineRec-2025-09-18.pdf,200,,https://cdnsm5-hosted.civiclive.com/UserFiles/Servers/Server_3585797/File/Government/County%20Departments/Health%20and%20Human%20Services/Public%20Health/Communicable%20Disease/LCVaccineRec-2025-09-18.pdf
https://www.lanecountyor.gov/cms/One.aspx?portalId=3585881&pageId=4078590#ctl00_ContentPlaceHolder1_ctl05_linkLastNav,https://www.lanecounty.org/UserFiles/Servers/Server_3585797/File/Government/County%20Departments/Health%20and%20Human%20Services/Public%20Health/Communicable%20Disease/LCVaccineRec-2025-09-18.pdf,200,,https://cdnsm5-hosted.civiclive.com/UserFiles/Servers/Server_3585797/File/Government/County%20Departments/Health%20and%20Human%20Services/Public%20Health/Communicable%20Disease/LCVaccineRec-2025-09-18.pdf
https://www.lanecountyor.gov/cms/One.aspx?portalId=3585881&pageId=4078590#mMenuCMS,https://www.lanecounty.org/UserFiles/Servers/Server_3585797/File/Government/County%20Departments/Health%20and%20Human%20Services/Public%20Health/Communicable%20Disease/LCVaccineRec-2025-09-18.pdf,200,,https://cdnsm5-hosted.civiclive.com/UserFiles/Servers/Server_3585797/File/Government/County%20Departments/Health%20and%20Human%20Services/Public%20Health/Communicable%20Disease/LCVaccineRec-2025-09-18.pdf
https://www.lanecountyor.gov/cms/One.aspx?portalId=3585881&pageId=4078590,https://www.lanecounty.org/cms/One.aspx?portalId=3585881&pageId=17881059,200,,https://www.lanecounty.org/cms/One.aspx?portalId=3585881&pageId=17881059
https://www.lanecountyor.gov/cms/One.aspx?portalId=3585881&pageId=4078590#ctl00_ContentPlaceHolder1_ctl05_linkLastNav,https://www.lanecounty.org/cms/One.aspx?portalId=3585881&pageId=17881059,200,,https://www.lanecounty.org/cms/One.aspx?portalId=3585881&pageId=17881059
https://www.lanecountyor.gov/cms/One.aspx?portalId=3585881&pageId=4078590#mMenuCMS,https://www.lanecounty.org/cms/One.aspx?portalId=3585881&pageId=17881059,200,,https://www.lanecounty.org/cms/One.aspx?portalId=3585881&pageId=17881059
https://www.lanecountyor.gov/cms/One.aspx?portalId=3585881&pageId=3711304,http://www.lanecounty.org/cms/one.aspx?objectId=4081111,200,,https://www.lanecounty.org/cms/one.aspx?objectId=4081111
https://www.lanecountyor.gov/cms/One.aspx?portalId=3585881&pageId=3720173,https://www.lanecounty.org/government/county_departments/health_and_human_services/public_health/2019_novel_coronavirus__c_o_v_i_d19,200,,https://www.lanecounty.org/government/county_departments/health_and_human_services/public_health/2019_novel_coronavirus__c_o_v_i_d19
https://www.lanecountyor.gov/cms/One.aspx?portalId=3585881&pageId=3720173,https://www.211info.org/,200,,https://www.211info.org/
https://www.lanecountyor.gov/cms/One.aspx?portalId=3585881&pageId=3720173,https://www.lanecounty.org/government/county_departments/health_and_human_services/h__h_s_communications_team,200,,https://www.lanecounty.org/government/county_departments/health_and_human_services/h__h_s_communications_team
https://www.lanecountyor.gov/cms/One.aspx?portalId=3585881&pageId=3720173,https://lanecounty.org/cms/One.aspx?portalId=3585881&pageId=4731324 ,200,,https://www.lanecounty.org/cms/One.aspx?portalId=3585881&pageId=4731324
https://www.lanecountyor.gov/cms/One.aspx?portalId=3585881&pageId=3720173,https://lanecounty.org/cms/One.aspx?portalId=3585881&pageId=4731298,200,,https://www.lanecounty.org/cms/One.aspx?portalId=3585881&pageId=4731298
https://www.lanecountyor.gov/cms/One.aspx?portalId=3585881&pageId=3720173,https://linktr.ee/lchhs,200,,https://linktr.ee/lchhs
https://www.lanecountyor.gov/cms/One.aspx?portalId=3585881&pageId=16503774,https://www.lanecounty.org/cms/one.aspx?pageId=17978067,200,,https://www.lanecounty.org/cms/one.aspx?pageId=17978067
https://www.lanecountyor.gov/cms/One.aspx?portalId=3585881&pageId=16503774,https://vacunacovid.oregon.gov/,200,,https://d1weph067hpnvp.cloudfront.net/
https://www.lanecountyor.gov/cms/One.aspx?portalId=3585881&pageId=16503774,https://www.lanecounty.org/cms/One.aspx?portalId=3585881&pageId=16515604,200,,https://www.lanecounty.org/cms/One.aspx?portalId=3585881&pageId=16515604
https://www.lanecountyor.gov/cms/One.aspx?portalId=3585881&pageId=16503774,https://www.oregon.gov/oha/covid19/Pages/index.aspx,200,,https://www.oregon.gov/oha/Pages/index.aspx
https://www.lanecountyor.gov/cms/One.aspx?portalId=3585881&pageId=16503774,https://covid19.who.int/,200,,https://data.who.int/dashboards/covid19/cases?n=c
https://www.lanecountyor.gov/cms/One.aspx?portalId=3585881&pageId=16503774,https://www.lanecounty.org/government/county_departments/health_and_human_services/public_health/communicable_disease,200,,https://www.lanecounty.org/government/county_departments/health_and_human_services/public_health/communicable_disease
https://www.lanecountyor.gov/cms/One.aspx?portalId=3585881&pageId=16503774,https://www.cdc.gov/coronavirus/2019-ncov/index.html,200,,https://www.cdc.gov/covid/index.html
https://www.lanecountyor.gov/cms/One.aspx?portalId=3585881&pageId=16503774,https://covidvaccine.oregon.gov/,200,,https://www.oregon.gov/OHA/PH/PREVENTIONWELLNESS/VACCINESIMMUNIZATION/GETTINGIMMUNIZED/Pages/index.aspx
https://www.lanecountyor.gov/cms/One.aspx?portalId=3585881&pageId=5371055,https://phaboard.org/,200,,https://phaboard.org/
https://www.lanecountyor.gov/cms/One.aspx?portalId=3585881&pageId=4239526,https://www.lanecounty.org/government/county_departments/health_and_human_services/public_health/public_health,200,,https://www.lanecounty.org/government/county_departments/health_and_human_services/public_health/public_health
https://www.lanecountyor.gov/cms/One.aspx?portalId=3585881&pageId=4239526,http://www.lanecounty.org/government/county_departments/health_and_human_services/public_health/administration/directory__make_an_appointment,200,,https://www.lanecounty.org/government/county_departments/health_and_human_services/public_health/administration/directory__make_an_appointment
https://www.lanecountyor.gov/cms/One.aspx?portalId=3585881&pageId=19348794,https://www.lanecounty.org/UserFiles/Servers/Server_3585797/File/2025_CPP_Mission_Vision_Values%20Spanish.pdf,200,,https://cdnsm5-hosted.civiclive.com/UserFiles/Servers/Server_3585797/File/2025_CPP_Mission_Vision_Values%20Spanish.pdf
https://www.lanecountyor.gov/cms/One.aspx?portalId=3585881&pageId=19348794,https://www.cognitoforms.com/lanecountytechnologyservices/signupforcbonewsletter,200,,https://www.cognitoforms.com/lanecountytechnologyservices/signupforcbonewsletter
https://www.lanecountyor.gov/cms/One.aspx?portalId=3585881&pageId=19348794,https://www.lanecounty.org/UserFiles/Servers/Server_3585797/File/CPP_Mission_Vision_Values.pdf,200,,https://cdnsm5-hosted.civiclive.com/UserFiles/Servers/Server_3585797/File/CPP_Mission_Vision_Values.pdf
https://www.lanecountyor.gov/cms/One.aspx?portalId=3585881&pageId=4078557,https://public.health.oregon.gov/HealthyEnvironments/HealthyNeighborhoods/Pesticides/Pages/bedbugs.aspx,,[SSL: CERTIFICATE_VERIFY_FAILED] certificate verify failed: unable to get local issuer certificate (_ssl.c:1010),
https://www.lanecountyor.gov/cms/One.aspx?portalId=3585881&pageId=4078557,http://public.health.oregon.gov/HealthyEnvironments/HealthyNeighborhoods/ToxicSubstances/Pages/mold.aspx,200,,https://www.oregon.gov/oha/ph/HealthyEnvironments/HealthyNeighborhoods/ToxicSubstances/Pages/mold.aspx
https://www.lanecountyor.gov/cms/One.aspx?portalId=3585881&pageId=4078557,http://public.health.oregon.gov/HealthyEnvironments/FoodSafety/Pages/index.aspx ,200,,https://www.oregon.gov/oha/ph/HealthyEnvironments/FoodSafety/Pages/index.aspx
https://www.lanecountyor.gov/cms/One.aspx?portalId=3585881&pageId=4078557,http://www.oregon.gov/ODA/programs/FoodSafety/FSLicensing/Pages/AboutLicenses.aspx,200,,https://www.oregon.gov/oda/food-safety/fs-licensing/pages/default.aspx
https://www.lanecountyor.gov/cms/One.aspx?portalId=3585881&pageId=4078557,https://healthspace.com/Clients/Oregon/Lane/Web.nsf/home.xsp,,[SSL: CERTIFICATE_VERIFY_FAILED] certificate verify failed: certificate has expired (_ssl.c:1010),
https://www.lanecountyor.gov/cms/One.aspx?portalId=3585881&pageId=4078557,https://public.health.oregon.gov/DiseasesConditions/DiseasesAZ/WestNileVirus/Pages/survey.aspx ,,[SSL: CERTIFICATE_VERIFY_FAILED] certificate verify failed: unable to get local issuer certificate (_ssl.c:1010),
https://www.lanecountyor.gov/cms/One.aspx?portalId=3585881&pageId=4078557,https://lcmaps.lanecounty.org/LaneCountyMaps/RestaurantInspectionApp/index.html,200,,https://lcmaps.lanecounty.org/LaneCountyMaps/RestaurantInspectionApp/index.html
https://www.lanecountyor.gov/cms/One.aspx?portalId=3585881&pageId=4078557,http://www.lanecounty.org/cms/One.aspx?portalId=3585881&pageId=5412643 ,200,,https://www.lanecounty.org/cms/One.aspx?portalId=3585881&pageId=5412643
https://www.lanecountyor.gov/cms/One.aspx?portalId=3585881&pageId=4078557,http://www.epa.gov/bedbugs/top-ten-tips-prevent-or-control-bed-bugs,200,,https://www.epa.gov/bedbugs/top-ten-tips-prevent-or-control-bed-bugs
https://www.lanecountyor.gov/cms/One.aspx?portalId=3585881&pageId=4078569,https://www.lanecounty.org/cms/One.aspx?portalId=3585881&pageId=19646262,200,,https://www.lanecounty.org/cms/One.aspx?portalId=3585881&pageId=19646262
https://www.lanecountyor.gov/cms/One.aspx?portalId=3585881&pageId=4078569,https://www.lanecounty.org/cms/One.aspx?portalId=3585881&pageId=19646262#FAQ,200,,https://www.lanecounty.org/cms/One.aspx?portalId=3585881&pageId=19646262#FAQ
https://www.lanecountyor.gov/cms/One.aspx?portalId=3585881&pageId=13696341,https://www.cognitoforms.com/LaneCountyTechnologyServices/SolicitudDeRecursosDeApoyoParaElEmbarazoYPadresDeFamilia,200,,https://www.cognitoforms.com/LaneCountyTechnologyServices/SolicitudDeRecursosDeApoyoParaElEmbarazoYPadresDeFamilia
https://www.lanecountyor.gov/cms/One.aspx?portalId=3585881&pageId=4078569,https://www.cognitoforms.com/LaneCountyTechnologyServices/SolicitudDeRecursosDeApoyoParaElEmbarazoYPadresDeFamilia,200,,https://www.cognitoforms.com/LaneCountyTechnologyServices/SolicitudDeRecursosDeApoyoParaElEmbarazoYPadresDeFamilia
https://www.lanecountyor.gov/cms/One.aspx?portalId=3585881&pageId=4078569,https://www.cognitoforms.com/LaneCountyTechnologyServices/PregnancyParentSupportResourcesRequest,200,,https://www.cognitoforms.com/LaneCountyTechnologyServices/PregnancyParentSupportResourcesRequest
https://www.lanecountyor.gov/cms/One.aspx?portalId=3585881&pageId=4078569,https://www.lanecounty.org/cms/One.aspx?portalId=3585881&pageId=10549015,200,,https://www.lanecounty.org/cms/One.aspx?portalId=3585881&pageId=10549015
https://www.lanecountyor.gov/cms/One.aspx?portalId=3585881&pageId=4078581,https://gcc02.safelinks.protection.outlook.com/?url=https%3A%2F%2Fwww.oregon.gov%2Foha%2Fph%2FPreparedness%2FCurrentHazards%2FPages%2Ffoodwatersafety.aspx&data=05%7C02%7CJoanna.RODGERS%40lanecountyor.gov%7C6838a42d3057417061e808ddadd912c7%7C74df5a22826e49429a741d199974dedf%7C0%7C0%7C638857870034294978%7CUnknown%7CTWFpbGZsb3d8eyJFbXB0eU1hcGkiOnRydWUsIlYiOiIwLjAuMDAwMCIsIlAiOiJXaW4zMiIsIkFOIjoiTWFpbCIsIldUIjoyfQ%3D%3D%7C0%7C%7C%7C&sdata=zVK4NUZb0ELTLy6a0gtVTCN%2BGWp8Yq8PYVmCPbhz%2FnE%3D&reserved=0,200,,https://www.oregon.gov/oha/ph/Preparedness/CurrentHazards/Pages/foodwatersafety.aspx
https://www.lanecountyor.gov/cms/One.aspx?portalId=3585881&pageId=4078581,https://www.ready.gov/older-adults,403,,https://www.ready.gov/older-adults
https://www.lanecountyor.gov/cms/One.aspx?portalId=3585881&pageId=4078581,https://gcc02.safelinks.protection.outlook.com/?url=https%3A%2F%2Fwww.fns.usda.gov%2Fdisaster%2Ftips-handling-food-following-disaster&data=05%7C02%7CJoanna.RODGERS%40lanecountyor.gov%7C6838a42d3057417061e808ddadd912c7%7C74df5a22826e49429a741d199974dedf%7C0%7C0%7C638857870034343748%7CUnknown%7CTWFpbGZsb3d8eyJFbXB0eU1hcGkiOnRydWUsIlYiOiIwLjAuMDAwMCIsIlAiOiJXaW4zMiIsIkFOIjoiTWFpbCIsIldUIjoyfQ%3D%3D%7C0%7C%7C%7C&sdata=JCsfbGNx6n%2BUsMQDNaXvUetCB6CHv4DN04piAWow9LQ%3D&reserved=0,200,,https://www.fna.usda.gov/disaster/tips-handling-food-following-disaster
https://www.lanecountyor.gov/cms/One.aspx?portalId=3585881&pageId=4078581,http://211info.org/,200,,https://www.211info.org/
https://www.lanecountyor.gov/cms/One.aspx?portalId=3585881&pageId=4078581,http://www.npr.org/sections/goatsandsoda/2017/03/26/521362938/quiz-how-much-do-you-know-about-global-pandemics-and-killer-viruses,200,,https://www.npr.org/sections/goatsandsoda/2017/03/26/521362938/quiz-how-much-do-you-know-about-global-pandemics-and-killer-viruses
https://www.lanecountyor.gov/cms/One.aspx?portalId=3585881&pageId=4078581,http://https://www.lanecountyor.gov/cms/one.aspx?pageId=17881059,,[Errno -3] Temporary failure in name resolution,
https://www.lanecountyor.gov/cms/One.aspx?portalId=3585881&pageId=4078581,https://www.cdc.gov/emergency/index.html,200,,https://www.cdc.gov/emergency/index.html
https://www.lanecountyor.gov/cms/One.aspx?portalId=3585881&pageId=4078581,http://https://www.lanecounty.org/cms/One.aspx?portalId=3585881&pageId=20823811,,[Errno -3] Temporary failure in name resolution,
https://www.lanecountyor.gov/cms/One.aspx?portalId=3585881&pageId=4078581,https://www.cdc.gov/hygiene/about/when-and-how-to-clean-and-disinfect-your-home.html,200,,https://www.cdc.gov/hygiene/about/when-and-how-to-clean-and-disinfect-your-home.html
https://www.lanecountyor.gov/cms/One.aspx?portalId=3585881&pageId=4078581,https://www.cdc.gov/clean-hands/about/index.html,200,,https://www.cdc.gov/clean-hands/about/index.html
https://www.lanecountyor.gov/cms/One.aspx?portalId=3585881&pageId=4078581,https://gcc02.safelinks.protection.outlook.com/?url=https%3A%2F%2Fwww.fda.gov%2Ffood%2Ffood-safety-during-emergencies%2Fafter-storm-or-flooding-key-tips-consumers-about-food-safety&data=05%7C02%7CJoanna.RODGERS%40lanecountyor.gov%7C6838a42d3057417061e808ddadd912c7%7C74df5a22826e49429a741d199974dedf%7C0%7C0%7C638857870034329424%7CUnknown%7CTWFpbGZsb3d8eyJFbXB0eU1hcGkiOnRydWUsIlYiOiIwLjAuMDAwMCIsIlAiOiJXaW4zMiIsIkFOIjoiTWFpbCIsIldUIjoyfQ%3D%3D%7C0%7C%7C%7C&sdata=dAi9udG0MQks1NAD99z6kaanarBxVOhUOo1Qy8tpYS8%3D&reserved=0,200,,https://www.fda.gov/food/food-safety-during-emergencies/after-storm-or-flooding-key-tips-consumers-about-food-safety
https://www.lanecountyor.gov/cms/One.aspx?portalId=3585881&pageId=4078581,http://public.health.oregon.gov/Preparedness/Pages/index.aspx,200,,https://www.oregon.gov/oha/ph/Preparedness/Pages/index.aspx
https://www.lanecountyor.gov/cms/One.aspx?portalId=3585881&pageId=4078581,https://www.eugene-or.gov/255/Emergency-Management,200,,https://www.eugene-or.gov/255/Emergency-Management
https://www.lanecountyor.gov/cms/One.aspx?portalId=3585881&pageId=4078581,http://www.ready.gov/kids,403,,https://www.ready.gov/kids
https://www.lanecountyor.gov/cms/One.aspx?portalId=3585881&pageId=4078581,http://preparelane.org/,200,,http://www.preparelane.org/
https://www.lanecountyor.gov/cms/One.aspx?portalId=3585881&pageId=4078581,https://www.samhsa.gov/find-help/disaster-distress-helpline,200,,https://www.samhsa.gov/find-help/helplines/disaster-distress-helpline
https://www.lanecountyor.gov/cms/One.aspx?portalId=3585881&pageId=4078581,http://www.preparelane.org/take-action--individuals.html,200,,http://www.preparelane.org/take-action--individuals.html
https://www.lanecountyor.gov/cms/One.aspx?portalId=3585881&pageId=4078581,https://gcc02.safelinks.protection.outlook.com/?url=https%3A%2F%2Fwww.fda.gov%2Fconsumers%2Fconsumer-updates%2Fplan-prepare-and-protect-your-pet-during-and-after-emergency&data=05%7C02%7CJoanna.RODGERS%40lanecountyor.gov%7C6838a42d3057417061e808ddadd912c7%7C74df5a22826e49429a741d199974dedf%7C0%7C0%7C638857870034369579%7CUnknown%7CTWFpbGZsb3d8eyJFbXB0eU1hcGkiOnRydWUsIlYiOiIwLjAuMDAwMCIsIlAiOiJXaW4zMiIsIkFOIjoiTWFpbCIsIldUIjoyfQ%3D%3D%7C0%7C%7C%7C&sdata=mdmM8DN7PxpLj%2BF5%2FZianfvNjAq94IMFNe9M8sg69Ws%3D&reserved=0,404,,https://www.fda.gov/consumers/consumer-updates/plan-prepare-and-protect-your-pet-during-and-after-emergency
https://www.lanecountyor.gov/cms/One.aspx?portalId=3585881&pageId=4078581,https://gcc02.safelinks.protection.outlook.com/?url=https%3A%2F%2Fwww.epa.gov%2Fmold%2Fbrief-guide-mold-moisture-and-your-home&data=05%7C02%7CJoanna.RODGERS%40lanecountyor.gov%7C6838a42d3057417061e808ddadd912c7%7C74df5a22826e49429a741d199974dedf%7C0%7C0%7C638857870034356805%7CUnknown%7CTWFpbGZsb3d8eyJFbXB0eU1hcGkiOnRydWUsIlYiOiIwLjAuMDAwMCIsIlAiOiJXaW4zMiIsIkFOIjoiTWFpbCIsIldUIjoyfQ%3D%3D%7C0%7C%7C%7C&sdata=ggbRmXjFzZT1RLL95Cul%2BezPIl%2F41EtZuu%2FZ%2FipYeSY%3D&reserved=0,200,,https://www.epa.gov/mold/brief-guide-mold-moisture-and-your-home
https://www.lanecountyor.gov/cms/One.aspx?portalId=3585881&pageId=4078560,https://www.cdc.gov/food-safety/,200,,https://www.cdc.gov/food-safety/
https://www.lanecountyor.gov/cms/One.aspx?portalId=3585881&pageId=4078581,https://www.cdc.gov/food-safety/,200,,https://www.cdc.gov/food-safety/
https://www.lanecountyor.gov/cms/One.aspx?portalId=3585881&pageId=4078581,http://www.preparelane.org/,200,,http://www.preparelane.org/
https://www.lanecountyor.gov/cms/One.aspx?portalId=3585881&pageId=4078581,http://www.lanecounty.org/cms/One.aspx?portalId=3585881&pageId=4182678,200,,https://www.lanecounty.org/cms/One.aspx?portalId=3585881&pageId=4182678
https://www.lanecountyor.gov/cms/One.aspx?portalId=3585881&pageId=4078581,https://www.cdc.gov/antibiotic-use/about/index.html,200,,https://www.cdc.gov/antibiotic-use/about/index.html
https://www.lanecountyor.gov/cms/One.aspx?portalId=3585881&pageId=4078581,http://www.redcross.org/local/oregon/locations/eugene,403,,http://www.redcross.org/local/oregon/locations/eugene
https://www.lanecountyor.gov/cms/One.aspx?portalId=3585881&pageId=4078581,https://gcc02.safelinks.protection.outlook.com/?url=https%3A%2F%2Fwww.cdc.gov%2Ffood-safety%2Ffoods%2Fkeep-food-safe-after-emergency.html&data=05%7C02%7CJoanna.RODGERS%40lanecountyor.gov%7C6838a42d3057417061e808ddadd912c7%7C74df5a22826e49429a741d199974dedf%7C0%7C0%7C638857870034316003%7CUnknown%7CTWFpbGZsb3d8eyJFbXB0eU1hcGkiOnRydWUsIlYiOiIwLjAuMDAwMCIsIlAiOiJXaW4zMiIsIkFOIjoiTWFpbCIsIldUIjoyfQ%3D%3D%7C0%7C%7C%7C&sdata=hqlZD5n2ZHOS1SKNBJapQmdaXw%2BWtaiSiot8MBNAR3o%3D&reserved=0,200,,https://www.cdc.gov/food-safety/foods/keep-food-safe-after-emergency.html
https://www.lanecountyor.gov/cms/One.aspx?portalId=3585881&pageId=4078581,http://www.ready.gov/,403,,https://www.ready.gov/
https://www.lanecountyor.gov/cms/One.aspx?portalId=3585881&pageId=4078581,https://emergency.cdc.gov/,200,,https://www.cdc.gov/emergency/index.html
https://www.lanecountyor.gov/cms/One.aspx?portalId=3585881&pageId=4078581,https://lanecounty.org/cms/one.aspx?pageId=4078590,200,,https://www.lanecounty.org/cms/one.aspx?pageId=4078590
https://www.lanecountyor.gov/cms/One.aspx?portalId=3585881&pageId=4078581,http://emergency.cdc.gov/coping/index.asp,200,,https://www.cdc.gov/emergency/index.html
https://www.lanecountyor.gov/cms/One.aspx?portalId=3585881&pageId=4078581,https://www.LaneAlerts.org,200,,https://member.everbridge.net/337829242601799/login
https://www.lanecountyor.gov/cms/One.aspx?portalId=3585881&pageId=4078581,http://www.samhsa.gov/find-help/disaster-distress-helpline,400,,http://www.samhsa.gov/find-help/disaster-distress-helpline
https://www.lanecountyor.gov/cms/One.aspx?portalId=3585881&pageId=4078581,https://www.cdc.gov/disability-emergency-preparedness/about/index.html,200,,https://www.cdc.gov/disability-emergency-preparedness/about/index.html
https://www.lanecountyor.gov/cms/One.aspx?portalId=3585881&pageId=5372298,http://www.preventionlane.org/,200,,https://preventionlane.org/
https://www.lanecountyor.gov/cms/One.aspx?portalId=3585881&pageId=4294008,https://www.lanecounty.org/cms/One.aspx?portalId=3585881&pageId=6482485,200,,https://www.lanecounty.org/cms/One.aspx?portalId=3585881&pageId=6482485
https://www.lanecountyor.gov/cms/One.aspx?portalId=3585881&pageId=4294008,https://www.lanecounty.org/cms/One.aspx?portalId=3585881&pageId=19854823,200,,https://www.lanecounty.org/cms/One.aspx?portalId=3585881&pageId=19854823
https://www.lanecountyor.gov/cms/One.aspx?portalId=3585881&pageId=4294008,https://lanecounty.org/cms/One.aspx?portalId=3585881&pageId=16562702,200,,https://www.lanecounty.org/cms/One.aspx?portalId=3585881&pageId=16562702
https://www.lanecountyor.gov/cms/One.aspx?portalId=3585881&pageId=4294008,http://public.health.oregon.gov/HealthyPeopleFamilies/wic/Pages/shopping.aspx,200,,https://www.oregon.gov/oha/ph/HealthyPeopleFamilies/wic/Pages/shopping.aspx
https://www.lanecountyor.gov/cms/One.aspx?portalId=3585881&pageId=4294008,http://public.health.oregon.gov/healthypeoplefamilies/wic/Pages/index.aspx,200,,https://www.oregon.gov/oha/ph/healthypeoplefamilies/wic/Pages/index.aspx
https://www.lanecountyor.gov/cms/One.aspx?portalId=3585881&pageId=4294008,https://www.lanecounty.org/cms/One.aspx?portalId=3585881&pageId=4651922,200,,https://www.lanecounty.org/cms/One.aspx?portalId=3585881&pageId=4651922
https://www.lanecountyor.gov/cms/One.aspx?portalId=3585881&pageId=4294008,https://www.lanecounty.org/cms/One.aspx?portalId=3585881&pageId=4651812,200,,https://www.lanecounty.org/cms/One.aspx?portalId=3585881&pageId=4651812
https://www.lanecountyor.gov/cms/One.aspx?portalId=3585881&pageId=4294008,https://www.cognitoforms.com/QualityAndCompliance1/WICWomenInfantsChildren,200,,https://www.cognitoforms.com/QualityAndCompliance1/WICWomenInfantsChildren
https://www.lanecountyor.gov/cms/One.aspx?portalId=3585881&pageId=4294008,https://www.lanecounty.org/cms/One.aspx?portalId=3585881&pageId=4651870,200,,https://www.lanecounty.org/cms/One.aspx?portalId=3585881&pageId=4651870
https://www.lanecountyor.gov/cms/One.aspx?portalId=3585881&pageId=4116887,https://www.lanecounty.org/government/county_departments/health_and_human_services/public_health/administration/directory__make_an_appointment,200,,https://www.lanecounty.org/government/county_departments/health_and_human_services/public_health/administration/directory__make_an_appointment
https://www.lanecountyor.gov/cms/One.aspx?portalId=3585881&pageId=4116887,http://public.health.oregon.gov/BirthDeathCertificates/GetVitalRecords/Pages/index.aspx,200,,https://www.oregon.gov:443/oha/PH/BIRTHDEATHCERTIFICATES/Pages/index.aspx
https://www.lanecountyor.gov/cms/One.aspx?portalId=3585881&pageId=4116887,https://travel.state.gov/en/passports/apply/child.html,403,,https://travel.state.gov/en/passports/apply/child.html
https://www.lanecountyor.gov/cms/One.aspx?portalId=3585881&pageId=4116887,https://www.lanecounty.org/UserFiles/Servers/Server_3585797/File/Government/County%20Departments/Health%20and%20Human%20Services/Vital%20Records/Lane_BC%20order%20FINAL_JAN%202024%201.pdf,200,,https://cdnsm5-hosted.civiclive.com/UserFiles/Servers/Server_3585797/File/Government/County%20Departments/Health%20and%20Human%20Services/Vital%20Records/Lane_BC%20order%20FINAL_JAN%202024%201.pdf
https://www.lanecountyor.gov/cms/One.aspx?portalId=3585881&pageId=4116887,https://www.oregon.gov/oha/PH/BIRTHDEATHCERTIFICATES/GETVITALRECORDS/Pages/Eligibility.aspx,200,,https://www.oregon.gov:443/oha/PH/BIRTHDEATHCERTIFICATES/Pages/Eligibility.aspx
https://www.lanecountyor.gov/cms/One.aspx?portalId=3585881&pageId=4116887,https://www.lanecounty.org/UserFiles/Servers/Server_3585797/File/Government/County%20Departments/Health%20and%20Human%20Services/Vital%20Records/LC%20Funeral%20Home%20fillable%2010.23.24.pdf,200,,https://cdnsm5-hosted.civiclive.com/UserFiles/Servers/Server_3585797/File/Government/County%20Departments/Health%20and%20Human%20Services/Vital%20Records/LC%20Funeral%20Home%20fillable%2010.23.24.pdf
https://www.lanecountyor.gov/cms/One.aspx?portalId=3585881&pageId=4116887,https://www.oregon.gov/oha/PH/BIRTHDEATHCERTIFICATES/GETVITALRECORDS/Pages/fees.aspx,200,,https://www.oregon.gov:443/oha/PH/BirthDeathCertificates/Pages/index.aspx
https://www.lanecountyor.gov/cms/One.aspx?portalId=3585881&pageId=4078566,https://lanecounty.org/UserFiles/Servers/Server_3585797/File/Government/County%20Departments/Health%20and%20Human%20Services/Public%20Health/Communicable%20Disease/2018%20Updated%20Parking/English%20Charnelton%20map%20and%20directions%209.20.18%201.pdf,200,,https://cdnsm5-hosted.civiclive.com/UserFiles/Servers/Server_3585797/File/Government/County%20Departments/Health%20and%20Human%20Services/Public%20Health/Communicable%20Disease/2018%20Updated%20Parking/English%20Charnelton%20map%20and%20directions%209.20.18%201.pdf
https://www.lanecountyor.gov/cms/One.aspx?portalId=3585881&pageId=4116887,https://lanecounty.org/UserFiles/Servers/Server_3585797/File/Government/County%20Departments/Health%20and%20Human%20Services/Public%20Health/Communicable%20Disease/2018%20Updated%20Parking/English%20Charnelton%20map%20and%20directions%209.20.18%201.pdf,200,,https://cdnsm5-hosted.civiclive.com/UserFiles/Servers/Server_3585797/File/Government/County%20Departments/Health%20and%20Human%20Services/Public%20Health/Communicable%20Disease/2018%20Updated%20Parking/English%20Charnelton%20map%20and%20directions%209.20.18%201.pdf
https://www.lanecountyor.gov/cms/One.aspx?portalId=3585881&pageId=4116887,https://www.lanecounty.org/UserFiles/Servers/Server_3585797/File/Government/County%20Departments/Health%20and%20Human%20Services/Vital%20Records/Lane_FH%20order%20form_june%202022.pdf,404,,https://cdnsm5-hosted.civiclive.com/UserFiles/Servers/Server_3585797/File/Government/County%20Departments/Health%20and%20Human%20Services/Vital%20Records/Lane_FH%20order%20form_june%202022.pdf
https://www.lanecountyor.gov/cms/One.aspx?portalId=3585881&pageId=4116887,https://www.lanecounty.org/cms/one.aspx?pageId=6870114,200,,https://www.lanecounty.org/cms/one.aspx?pageId=6870114
https://www.lanecountyor.gov/cms/One.aspx?portalId=3585881&pageId=4116887,https://lanecounty.org/UserFiles/Servers/Server_3585797/File/Government/County%20Departments/Health%20and%20Human%20Services/Public%20Health/Birth%20and%20Death%20Certificates/OHA%209770%20New%20Fees%20for%20Vital%20Records%20v2.1%20(2).pdf,200,,https://cdnsm5-hosted.civiclive.com/UserFiles/Servers/Server_3585797/File/Government/County%20Departments/Health%20and%20Human%20Services/Public%20Health/Birth%20and%20Death%20Certificates/OHA%209770%20New%20Fees%20for%20Vital%20Records%20v2.1%20(2).pdf
https://www.lanecountyor.gov/cms/One.aspx?portalId=3585881&pageId=4116887,https://www.ssa.gov/survivor,403,,https://www.ssa.gov/survivor
https://www.lanecountyor.gov/cms/One.aspx?portalId=3585881&pageId=13696341,https://lanecounty.org/UserFiles/Servers/Server_3585797/File/Government/County%20Departments/Health%20and%20Human%20Services/Public%20Health/Birth%20and%20Death%20Certificates/Parking/Charnelton%20SPAN%20map%20and%20directions%2010.11.18.pdf,200,,https://cdnsm5-hosted.civiclive.com/UserFiles/Servers/Server_3585797/File/Government/County%20Departments/Health%20and%20Human%20Services/Public%20Health/Birth%20and%20Death%20Certificates/Parking/Charnelton%20SPAN%20map%20and%20directions%2010.11.18.pdf
https://www.lanecountyor.gov/cms/One.aspx?portalId=3585881&pageId=4078566,https://lanecounty.org/UserFiles/Servers/Server_3585797/File/Government/County%20Departments/Health%20and%20Human%20Services/Public%20Health/Birth%20and%20Death%20Certificates/Parking/Charnelton%20SPAN%20map%20and%20directions%2010.11.18.pdf,200,,https://cdnsm5-hosted.civiclive.com/UserFiles/Servers/Server_3585797/File/Government/County%20Departments/Health%20and%20Human%20Services/Public%20Health/Birth%20and%20Death%20Certificates/Parking/Charnelton%20SPAN%20map%20and%20directions%2010.11.18.pdf
https://www.lanecountyor.gov/cms/One.aspx?portalId=3585881&pageId=4116887,https://lanecounty.org/UserFiles/Servers/Server_3585797/File/Government/County%20Departments/Health%20and%20Human%20Services/Public%20Health/Birth%20and%20Death%20Certificates/Parking/Charnelton%20SPAN%20map%20and%20directions%2010.11.18.pdf,200,,https://cdnsm5-hosted.civiclive.com/UserFiles/Servers/Server_3585797/File/Government/County%20Departments/Health%20and%20Human%20Services/Public%20Health/Birth%20and%20Death%20Certificates/Parking/Charnelton%20SPAN%20map%20and%20directions%2010.11.18.pdf
https://www.lanecountyor.gov/cms/One.aspx?portalId=3585881&pageId=4116887,https://lanecounty.org/cms/One.aspx?portalId=3585881&pageId=3719796,200,,https://www.lanecounty.org/cms/One.aspx?portalId=3585881&pageId=3719796
https://www.lanecountyor.gov/cms/One.aspx?portalId=3585881&pageId=4116887,https://www.vitalchek.com/,200,,https://www.vitalchek.com/v/
https://www.lanecountyor.gov/cms/One.aspx?portalId=3585881&pageId=4116887,https://sos.oregon.gov/business/Pages/how-to-get-authentication-apostille.aspx,200,,https://sos.oregon.gov/business/Pages/how-to-get-authentication-apostille.aspx
https://www.lanecountyor.gov/cms/One.aspx?portalId=3585881&pageId=4116887,https://www.lanecounty.org/UserFiles/Servers/Server_3585797/File/Government/County%20Departments/Health%20and%20Human%20Services/Vital%20Records/Lane_BC%20order%20FINAL_JAN%202024.pdf,404,,https://cdnsm5-hosted.civiclive.com/UserFiles/Servers/Server_3585797/File/Government/County%20Departments/Health%20and%20Human%20Services/Vital%20Records/Lane_BC%20order%20FINAL_JAN%202024.pdf
https://www.lanecountyor.gov/cms/One.aspx?portalId=3585881&pageId=4116887,https://www.ssa.gov/number-card,403,,https://www.ssa.gov/number-card
https://www.lanecountyor.gov/cms/One.aspx?portalId=3585881&pageId=4116887,https://www.lanecounty.org/UserFiles/Servers/Server_3585797/File/Government/County%20Departments/Health%20and%20Human%20Services/Vital%20Records/Lane_DC%20order%20form_fillable.pdf,200,,https://cdnsm5-hosted.civiclive.com/UserFiles/Servers/Server_3585797/File/Government/County%20Departments/Health%20and%20Human%20Services/Vital%20Records/Lane_DC%20order%20form_fillable.pdf
https://www.lanecountyor.gov/cms/One.aspx?portalId=3585881&pageId=3719973,https://lanecounty.org/cms/One.aspx?portalId=3585881&pageId=8593072,200,,https://www.lanecounty.org/cms/One.aspx?portalId=3585881&pageId=8593072
https://www.lanecountyor.gov/cms/One.aspx?portalId=3585881&pageId=3719973,https://lanecounty.org/cms/One.aspx?portalId=3585881&pageId=4196254,200,,https://www.lanecounty.org/cms/One.aspx?portalId=3585881&pageId=4196254
https://www.lanecountyor.gov/cms/One.aspx?portalId=3585881&pageId=3719973,https://www.lanecounty.org/UserFiles/Servers/Server_3585797/File/Government/County%20Departments/Health%20and%20Human%20Services/Public%20Health/PHAC/Member%20Roster%20for%20Web%20Page-2025-12-18.pdf,200,,https://cdnsm5-hosted.civiclive.com/UserFiles/Servers/Server_3585797/File/Government/County%20Departments/Health%20and%20Human%20Services/Public%20Health/PHAC/Member%20Roster%20for%20Web%20Page-2025-12-18.pdf
https://www.lanecountyor.gov/cms/One.aspx?portalId=3585881&pageId=3719973,https://www.cognitoforms.com/LaneCountyOR/PublicHealthAdvisoryCommitteeApplication,200,,https://www.cognitoforms.com/LaneCountyOR/PublicHealthAdvisoryCommitteeApplication
https://www.lanecountyor.gov/cms/One.aspx?portalId=3585881&pageId=3719973,https://lanecounty.org/UserFiles/Servers/Server_3585797/File/Government/Advisory%20Boards%20and%20Commissions/Committee%20Application%20Forms/applicationadvisorycommittee.pdf,200,,https://cdnsm5-hosted.civiclive.com/UserFiles/Servers/Server_3585797/File/Government/Advisory%20Boards%20and%20Commissions/Committee%20Application%20Forms/applicationadvisorycommittee.pdf
https://www.lanecountyor.gov/cms/One.aspx?portalId=3585881&pageId=3719973,https://lanecounty.org/UserFiles/Servers/Server_3585797/File/Government/County%20Departments/Health%20and%20Human%20Services/Public%20Health/PHAC%20Bylaws%202017(FINAL).pdf,200,,https://cdnsm5-hosted.civiclive.com/UserFiles/Servers/Server_3585797/File/Government/County%20Departments/Health%20and%20Human%20Services/Public%20Health/PHAC%20Bylaws%202017(FINAL).pdf
https://www.lanecountyor.gov/cms/One.aspx?portalId=3585881&pageId=18732777,https://www.peacehealth.org/services/primary-care,403,,https://www.peacehealth.org/services/primary-care
https://www.lanecountyor.gov/cms/One.aspx?portalId=3585881&pageId=18732777,https://www.peacehealth.org/services/immediate-primary-and-urgent-care,403,,https://www.peacehealth.org/services/immediate-primary-and-urgent-care
https://www.lanecountyor.gov/cms/One.aspx?portalId=3585881&pageId=20247405,https://www.lanecounty.org/cms/One.aspx?portalId=3585881&pageId=20249953,200,,https://www.lanecounty.org/cms/One.aspx?portalId=3585881&pageId=20249953
https://www.lanecountyor.gov/cms/One.aspx?portalId=3585881&pageId=20247405,https://www.lanecounty.org/UserFiles/Servers/Server_3585797/File/Government/County%20Departments/Health%20and%20Human%20Services/Public%20Health/Whooping%20Cough/Whooping%20cough%20K-12%20ENG%20V2.pdf,200,,https://cdnsm5-hosted.civiclive.com/UserFiles/Servers/Server_3585797/File/Government/County%20Departments/Health%20and%20Human%20Services/Public%20Health/Whooping%20Cough/Whooping%20cough%20K-12%20ENG%20V2.pdf
https://www.lanecountyor.gov/cms/One.aspx?portalId=3585881&pageId=20709409,https://www.lanecounty.org/UserFiles/Servers/Server_3585797/File/Government/County%20Departments/Health%20and%20Human%20Services/Public%20Health/HPAI%20One%20Pager%20ENG%20V1.pdf,200,,https://cdnsm5-hosted.civiclive.com/UserFiles/Servers/Server_3585797/File/Government/County%20Departments/Health%20and%20Human%20Services/Public%20Health/HPAI%20One%20Pager%20ENG%20V1.pdf
https://www.lanecountyor.gov/cms/One.aspx?portalId=3585881&pageId=20709409,https://www.lanecounty.org/UserFiles/Servers/Server_3585797/File/Government/County%20Departments/Health%20and%20Human%20Services/Public%20Health/HPAI%20One%20Pager%20SPA%20V1.pdf,200,,https://cdnsm5-hosted.civiclive.com/UserFiles/Servers/Server_3585797/File/Government/County%20Departments/Health%20and%20Human%20Services/Public%20Health/HPAI%20One%20Pager%20SPA%20V1.pdf
https://www.lanecountyor.gov/cms/One.aspx?portalId=3585881&pageId=20709409,https://agr.wa.gov/,200,,https://agr.wa.gov/
https://www.lanecountyor.gov/cms/One.aspx?portalId=3585881&pageId=20709409,https://www.oregon.gov/oda/animal-health-feeds-livestock-id/animal-diseases/avian-influenza/pages/default.aspx,200,,https://www.oregon.gov/oda/animal-health-feeds-livestock-id/animal-diseases/avian-influenza/pages/default.aspx
https://www.lanecountyor.gov/cms/One.aspx?portalId=3585881&pageId=20761215,https://www.lanecounty.org/UserFiles/Servers/Server_3585797/File/Government/County%20Departments/Health%20and%20Human%20Services/Public%20Health/Measles/Measles%20One%20Pager%202026%20SPA.pdf,200,,https://cdnsm5-hosted.civiclive.com/UserFiles/Servers/Server_3585797/File/Government/County%20Departments/Health%20and%20Human%20Services/Public%20Health/Measles/Measles%20One%20Pager%202026%20SPA.pdf
https://www.lanecountyor.gov/cms/One.aspx?portalId=3585881&pageId=20761215,https://www.oregon.gov/oha/ph/diseasesconditions/diseasesaz/pages/measles.aspx,200,,https://www.oregon.gov/oha/ph/diseasesconditions/diseasesaz/pages/measles.aspx
https://www.lanecountyor.gov/cms/One.aspx?portalId=3585881&pageId=20761215,https://www.lanecounty.org/UserFiles/Servers/Server_3585797/File/Government/County%20Departments/Health%20and%20Human%20Services/Public%20Health/Measles/Measles%20One%20Pager%202026%20ENG.pdf,200,,https://cdnsm5-hosted.civiclive.com/UserFiles/Servers/Server_3585797/File/Government/County%20Departments/Health%20and%20Human%20Services/Public%20Health/Measles/Measles%20One%20Pager%202026%20ENG.pdf
https://www.lanecountyor.gov/cms/One.aspx?portalId=3585881&pageId=20761215,https://www.lanecounty.org/UserFiles/Servers/Server_3585797/File/Government/County%20Departments/Health%20and%20Human%20Services/Public%20Health/Measles/Measles%20Waiting%20Room%20Poster%20SPA.pdf,200,,https://cdnsm5-hosted.civiclive.com/UserFiles/Servers/Server_3585797/File/Government/County%20Departments/Health%20and%20Human%20Services/Public%20Health/Measles/Measles%20Waiting%20Room%20Poster%20SPA.pdf
https://www.lanecountyor.gov/cms/One.aspx?portalId=3585881&pageId=20761215,https://www.easyvax.com/dtcpdsearch,200,,https://www.easyvax.com/dtcpdsearch
https://www.lanecountyor.gov/cms/One.aspx?portalId=3585881&pageId=20761215,https://www.lanecounty.org/UserFiles/Servers/Server_3585797/File/Government/County%20Departments/Health%20and%20Human%20Services/Public%20Health/Measles/Measles%20Precautions%20for%20Schools%20Identifying%20and%20Preventing%20Spread%20SPA.pdf,200,,https://cdnsm5-hosted.civiclive.com/UserFiles/Servers/Server_3585797/File/Government/County%20Departments/Health%20and%20Human%20Services/Public%20Health/Measles/Measles%20Precautions%20for%20Schools%20Identifying%20and%20Preventing%20Spread%20SPA.pdf
https://www.lanecountyor.gov/cms/One.aspx?portalId=3585881&pageId=20761215,https://www.lanecounty.org/UserFiles/Servers/Server_3585797/File/Government/County%20Departments/Health%20and%20Human%20Services/Public%20Health/Measles/Measles%20Precautions%20for%20Schools%20Identifying%20and%20Preventing%20Spread.pdf,200,,https://cdnsm5-hosted.civiclive.com/UserFiles/Servers/Server_3585797/File/Government/County%20Departments/Health%20and%20Human%20Services/Public%20Health/Measles/Measles%20Precautions%20for%20Schools%20Identifying%20and%20Preventing%20Spread.pdf
https://www.lanecountyor.gov/cms/One.aspx?portalId=3585881&pageId=20761215,https://www.lanecounty.org/cms/One.aspx?portalId=3585881&pageId=20795694,200,,https://www.lanecounty.org/cms/One.aspx?portalId=3585881&pageId=20795694
https://www.lanecountyor.gov/cms/One.aspx?portalId=3585881&pageId=20761215,https://www.lanecounty.org/UserFiles/Servers/Server_3585797/File/Government/County%20Departments/Health%20and%20Human%20Services/Public%20Health/Measles/Measles%20Waiting%20Room%20Poster%20ENG.pdf,200,,https://cdnsm5-hosted.civiclive.com/UserFiles/Servers/Server_3585797/File/Government/County%20Departments/Health%20and%20Human%20Services/Public%20Health/Measles/Measles%20Waiting%20Room%20Poster%20ENG.pdf
https://www.lanecountyor.gov/cms/One.aspx?portalId=3585881&pageId=5402807,https://www.lanecounty.org/cms/One.aspx?portalId=3585881&pageId=4588187,200,,https://www.lanecounty.org/cms/One.aspx?portalId=3585881&pageId=4588187
https://www.lanecountyor.gov/cms/One.aspx?portalId=3585881&pageId=5402807,https://www.lanecounty.org/cms/One.aspx?portalId=3585881&pageId=4078569,200,,https://www.lanecounty.org/cms/One.aspx?portalId=3585881&pageId=4078569
https://www.lanecountyor.gov/cms/One.aspx?portalId=3585881&pageId=5402807,https://www.fcc.gov/consumers/guides/711-telecommunications-relay-service,403,,https://www.fcc.gov/consumers/guides/711-telecommunications-relay-service
https://www.lanecountyor.gov/cms/One.aspx?portalId=3585881&pageId=5402807,https://www.lanecounty.org/cms/One.aspx?portalId=3585881&pageId=16503774,200,,https://www.lanecounty.org/cms/One.aspx?portalId=3585881&pageId=16503774
https://www.lanecountyor.gov/cms/One.aspx?portalId=3585881&pageId=4078566,http://www.vaccineinformation.org/trusted-sources/,200,,http://www.vaccineinformation.org/vaccine-basics/trusted-sources/
https://www.lanecountyor.gov/cms/One.aspx?portalId=3585881&pageId=4078566,https://www.lanecounty.org/cms/one.aspx?portalId=3585881&pageId=4239526,200,,https://www.lanecounty.org/cms/one.aspx?portalId=3585881&pageId=4239526
https://www.lanecountyor.gov/cms/One.aspx?portalId=3585881&pageId=4078566,https://public.health.oregon.gov/PreventionWellness/VaccinesImmunization/GettingImmunized/Documents/Collegebrochure.pdf,,[SSL: CERTIFICATE_VERIFY_FAILED] certificate verify failed: unable to get local issuer certificate (_ssl.c:1010),
https://www.lanecountyor.gov/cms/One.aspx?portalId=3585881&pageId=4078566,https://www.cdc.gov/flu/index.htm,200,,https://www.cdc.gov/flu/index.htm
https://www.lanecountyor.gov/cms/One.aspx?portalId=3585881&pageId=4078566,https://gsksource.com/pharma/content/gsk/source/us/en/brands/shingrix/pi/home.html,200,,https://shingrixhcp.com/?&siteredirect=gskpro-shingrix/
https://www.lanecountyor.gov/cms/One.aspx?portalId=3585881&pageId=4078566,https://lanecounty.org/cms/One.aspx?portalId=3585881&pageId=14917736,200,,https://www.lanecounty.org/cms/One.aspx?portalId=3585881&pageId=14917736
https://www.lanecountyor.gov/cms/One.aspx?portalId=3585881&pageId=4078566,https://www.lanecounty.org/cms/One.aspx?portalId=3585881&pageId=8147482,200,,https://www.lanecounty.org/cms/One.aspx?portalId=3585881&pageId=8147482
https://www.lanecountyor.gov/cms/One.aspx?portalId=3585881&pageId=4078566,http://www.immunize.org/,200,,http://www.immunize.org/
https://www.lanecountyor.gov/cms/One.aspx?portalId=3585881&pageId=4078566,https://www.cdc.gov/vaccines/imz-schedules/adolescent-easyread.html,200,,https://www.cdc.gov/vaccines/imz-schedules/adolescent-easyread.html
https://www.lanecountyor.gov/cms/One.aspx?portalId=3585881&pageId=4078566,https://www.cdc.gov/vaccines/schedules/index.html,200,,https://www.cdc.gov/vaccines/
https://www.lanecountyor.gov/cms/One.aspx?portalId=3585881&pageId=4078566,https://www.cdc.gov/vaccines/imz-schedules/adult-easyread.html,200,,https://www.cdc.gov/vaccines/imz-schedules/adult-easyread.html
https://www.lanecountyor.gov/cms/One.aspx?portalId=3585881&pageId=4078566,https://lanecounty.org/cms/One.aspx?portalId=3585881&pageId=4587356,200,,https://www.lanecounty.org/cms/One.aspx?portalId=3585881&pageId=4587356
https://www.lanecountyor.gov/cms/One.aspx?portalId=3585881&pageId=4078566,http://www.cdc.gov/vaccines/index.html,200,,https://www.cdc.gov/vaccines/index.html
https://www.lanecountyor.gov/cms/One.aspx?portalId=3585881&pageId=4078566,https://lanecounty.org/cms/one.aspx?portalId=3585881&pageId=4078569,200,,https://www.lanecounty.org/cms/one.aspx?portalId=3585881&pageId=4078569
https://www.lanecountyor.gov/cms/One.aspx?portalId=3585881&pageId=4078566,https://www.cdc.gov/vaccines/schedules/easy-to-read/adult.html,200,,https://www.cdc.gov/vaccines/
https://www.lanecountyor.gov/cms/One.aspx?portalId=3585881&pageId=4078566,https://www.cdc.gov/vaccines/hcp/index.html,200,,https://www.cdc.gov/vaccines/hcp/index.html
https://www.lanecountyor.gov/cms/One.aspx?portalId=3585881&pageId=4078566,http://www.who.int/immunization/en/,200,,https://www.who.int/teams/immunization-vaccines-and-biologicals
https://www.lanecountyor.gov/cms/One.aspx?portalId=3585881&pageId=4078566,http://lanecounty.org/government/county_departments/health_and_human_services/public_health/,200,,https://www.lanecounty.org/government/county_departments/health_and_human_services/public_health
https://www.lanecountyor.gov/cms/One.aspx?portalId=3585881&pageId=4078566,https://www.oregon.gov/oha/ph/PreventionWellness/FluPrevention/Pages/index.aspx,200,,https://www.oregon.gov/oha/ph/PreventionWellness/FluPrevention/Pages/index.aspx
https://www.lanecountyor.gov/cms/One.aspx?portalId=3585881&pageId=4078566,https://www.lanecounty.org/UserFiles/Servers/Server_3585797/File/Government/County%20Departments/Health%20and%20Human%20Services/Public%20Health/Communicable%20Disease/Routine_Vaccination_Questions%201.pdf,200,,https://cdnsm5-hosted.civiclive.com/UserFiles/Servers/Server_3585797/File/Government/County%20Departments/Health%20and%20Human%20Services/Public%20Health/Communicable%20Disease/Routine_Vaccination_Questions%201.pdf
https://www.lanecountyor.gov/cms/One.aspx?portalId=3585881&pageId=4078566,https://lanecounty.org/cms/One.aspx?portalId=3585881&pageId=4244584,200,,https://www.lanecounty.org/cms/One.aspx?portalId=3585881&pageId=4244584
https://www.lanecountyor.gov/cms/One.aspx?portalId=3585881&pageId=4078566,https://www.oregon.gov/oha/ph/PreventionWellness/VaccinesImmunization/ImmunizationProviderResources/vfc/Pages/index.aspx,200,,https://www.oregon.gov/oha/ph/PreventionWellness/VaccinesImmunization/ImmunizationProviderResources/vfc/Pages/index.aspx
https://www.lanecountyor.gov/cms/One.aspx?portalId=3585881&pageId=4078566,https://www.cdc.gov/vaccines-children/diseases/index.html,200,,https://www.cdc.gov/vaccines-children/diseases/index.html
https://www.lanecountyor.gov/cms/One.aspx?portalId=3585881&pageId=4078566,https://www.cdc.gov/vaccine-safety/,200,,https://www.cdc.gov/vaccine-safety/
https://www.lanecountyor.gov/cms/One.aspx?portalId=3585881&pageId=4078566,https://public.health.oregon.gov/PreventionWellness/VaccinesImmunization/Pages/index.aspx,,[SSL: CERTIFICATE_VERIFY_FAILED] certificate verify failed: unable to get local issuer certificate (_ssl.c:1010),
https://www.lanecountyor.gov/cms/One.aspx?portalId=3585881&pageId=4078566,https://www.lanecounty.org/cms/one.aspx?portalId=3585881&pageId=4078581,200,,https://www.lanecounty.org/cms/one.aspx?portalId=3585881&pageId=4078581
https://www.lanecountyor.gov/cms/One.aspx?portalId=3585881&pageId=4078566,https://www.shingrix.com/shingles-vaccine-locator.html,200,,https://www.shingrix.com/get-shingrix/shingles-vaccine-locator/
https://www.lanecountyor.gov/cms/One.aspx?portalId=3585881&pageId=12971841,https://lanecounty.org/cms/One.aspx?portalId=3585881&pageId=4242045,200,,https://www.lanecounty.org/cms/One.aspx?portalId=3585881&pageId=4242045
https://www.lanecountyor.gov/cms/One.aspx?portalId=3585881&pageId=12971841,https://www.lanecounty.org/UserFiles/Servers/Server_3585797/File/Government/County%20Departments/Health%20and%20Human%20Services/Public%20Health/Data%20and%20reports/Suicide%20In%20Lane%20County%202000-2016.pdf,200,,https://cdnsm5-hosted.civiclive.com/UserFiles/Servers/Server_3585797/File/Government/County%20Departments/Health%20and%20Human%20Services/Public%20Health/Data%20and%20reports/Suicide%20In%20Lane%20County%202000-2016.pdf
https://www.lanecountyor.gov/cms/One.aspx?portalId=3585881&pageId=12971841,https://public.tableau.com/app/profile/lcph.ccoepi/viz/LCPH_HealthEquityReport_2020/D1,200,,https://public.tableau.com/app/profile/lcph.ccoepi/viz/LCPH_HealthEquityReport_2020/D1
https://www.lanecountyor.gov/cms/One.aspx?portalId=3585881&pageId=12971841,https://www.lanecounty.org/UserFiles/Servers/Server_3585797/File/Government/County%20Departments/Health%20and%20Human%20Services/Public%20Health/Tobacco%20Prevention%20and%20Education%20Program/Lane%20County%20Tobacco%20Fact%20Sheet%202024.pdf,200,,https://cdnsm5-hosted.civiclive.com/UserFiles/Servers/Server_3585797/File/Government/County%20Departments/Health%20and%20Human%20Services/Public%20Health/Tobacco%20Prevention%20and%20Education%20Program/Lane%20County%20Tobacco%20Fact%20Sheet%202024.pdf
https://www.lanecountyor.gov/cms/One.aspx?portalId=3585881&pageId=7410414,https://www.lanecounty.org/UserFiles/Servers/Server_3585797/File/Government/County%20Departments/Health%20and%20Human%20Services/Public%20Health/Tobacco%20Prevention%20and%20Education%20Program/Lane%20County%20Tobacco%20Fact%20Sheet%202024.pdf,200,,https://cdnsm5-hosted.civiclive.com/UserFiles/Servers/Server_3585797/File/Government/County%20Departments/Health%20and%20Human%20Services/Public%20Health/Tobacco%20Prevention%20and%20Education%20Program/Lane%20County%20Tobacco%20Fact%20Sheet%202024.pdf
https://www.lanecountyor.gov/cms/One.aspx?portalId=3585881&pageId=12971841,http://www.oregon.gov/oha/PH/PREVENTIONWELLNESS/VACCINESIMMUNIZATION/GETTINGIMMUNIZED/Pages/SchRateMap.aspx,200,,https://www.oregon.gov/oha/PH/PREVENTIONWELLNESS/VACCINESIMMUNIZATION/SCHOOL/Pages/ImmunizationRates.aspx
https://www.lanecountyor.gov/cms/One.aspx?portalId=3585881&pageId=12971841,http://www.livehealthylane.org/,200,,https://www.livehealthylane.org/
https://www.lanecountyor.gov/cms/One.aspx?portalId=3585881&pageId=12971841,https://ephtracking.cdc.gov/,200,,https://ephtracking.cdc.gov/
https://www.lanecountyor.gov/cms/One.aspx?portalId=3585881&pageId=12971841,https://ephtracking.cdc.gov/InfoByLocation/?FIPS=41039&topics=1,10,2,3,4,5,6,7,8,404,,https://ephtracking.cdc.gov/InfoByLocation/?FIPS=41039&topics=1,10,2,3,4,5,6,7,8
https://www.lanecountyor.gov/cms/One.aspx?portalId=3585881&pageId=12971841,https://lanecounty.org/cms/One.aspx?portalId=3585881&pageId=13728966&_gl=1*11qp6a3*_ga*MTM2MjI1MS4xNzIzODMyMjMx*_ga_G30BCGQ9RY*MTc0MjQxMjY3MC4yOS4wLjE3NDI0MTI2NzAuMC4wLjA.,200,,https://www.lanecounty.org/cms/One.aspx?portalId=3585881&pageId=13728966&_gl=1*11qp6a3*_ga*MTM2MjI1MS4xNzIzODMyMjMx*_ga_G30BCGQ9RY*MTc0MjQxMjY3MC4yOS4wLjE3NDI0MTI2NzAuMC4wLjA.
https://www.lanecountyor.gov/cms/One.aspx?portalId=3585881&pageId=12971841,https://www.lanecounty.org/UserFiles/Servers/Server_3585797/File/Government/County%20Departments/Health%20and%20Human%20Services/Public%20Health/Data%20and%20reports/2015_2016_chna.pdf,200,,https://cdnsm5-hosted.civiclive.com/UserFiles/Servers/Server_3585797/File/Government/County%20Departments/Health%20and%20Human%20Services/Public%20Health/Data%20and%20reports/2015_2016_chna.pdf
https://www.lanecountyor.gov/cms/One.aspx?portalId=3585881&pageId=12971841,https://lanecounty.org/UserFiles/Servers/Server_3585797/File/Government/County%20Departments/Health%20and%20Human%20Services/Public%20Health/Data%20and%20reports/FINAL-HEALTH-EQUITY-REPORT-2017.pdf,200,,https://cdnsm5-hosted.civiclive.com/UserFiles/Servers/Server_3585797/File/Government/County%20Departments/Health%20and%20Human%20Services/Public%20Health/Data%20and%20reports/FINAL-HEALTH-EQUITY-REPORT-2017.pdf
https://www.lanecountyor.gov/cms/One.aspx?portalId=3585881&pageId=12971841,https://www.lanecounty.org/UserFiles/Servers/Server_3585797/File/Government/County%20Departments/Health%20and%20Human%20Services/Public%20Health/Data%20and%20reports/Food%20insufficiency%20report%202023.pdf,200,,https://cdnsm5-hosted.civiclive.com/UserFiles/Servers/Server_3585797/File/Government/County%20Departments/Health%20and%20Human%20Services/Public%20Health/Data%20and%20reports/Food%20insufficiency%20report%202023.pdf
https://www.lanecountyor.gov/cms/One.aspx?portalId=3585881&pageId=12971841,https://www.oregon.gov/oha/PH/DISEASESCONDITIONS/COMMUNICABLEDISEASE/OUTBREAKS/Documents/outbreak_reports/2019/2018-4884_Lane%20County_04.03.2019.pdf,200,,https://www.oregon.gov/oha/PH/DISEASESCONDITIONS/COMMUNICABLEDISEASE/OUTBREAKS/Documents/outbreak_reports/2019/2018-4884_Lane%20County_04.03.2019.pdf
https://www.lanecountyor.gov/cms/One.aspx?portalId=3585881&pageId=12971841,https://www.lanecounty.org/UserFiles/Servers/Server_3585797/File/Government/County%20Departments/Health%20and%20Human%20Services/Public%20Health/Data%20and%20reports/Health%20Care%20Services%20Assessment%202024%20revised-2025-01-15.pdf,200,,https://cdnsm5-hosted.civiclive.com/UserFiles/Servers/Server_3585797/File/Government/County%20Departments/Health%20and%20Human%20Services/Public%20Health/Data%20and%20reports/Health%20Care%20Services%20Assessment%202024%20revised-2025-01-15.pdf
https://www.lanecountyor.gov/cms/One.aspx?portalId=3585881&pageId=12971841,https://www.lanecounty.org/UserFiles/Servers/Server_3585797/File/Government/County%20Departments/Health%20and%20Human%20Services/Public%20Health/Data%20and%20reports/Suicide%20In%20Lane%20County%202000-2020.pdf,200,,https://cdnsm5-hosted.civiclive.com/UserFiles/Servers/Server_3585797/File/Government/County%20Departments/Health%20and%20Human%20Services/Public%20Health/Data%20and%20reports/Suicide%20In%20Lane%20County%202000-2020.pdf
https://www.lanecountyor.gov/cms/One.aspx?portalId=3585881&pageId=4078560,http://www.google.com/url?sa=i&rct=j&q=&esrc=s&source=images&cd=&cad=rja&uact=8&ved=0ahUKEwiqi-3TxKbPAhUD1mMKHVbyAMUQjRwIBw&url=http%3A%2F%2Ffr.123rf.com%2Fclipart-vecteurs%2Frestaurant_icone.html&bvm=bv.133700528,d.cGc&psig=AFQjCNEzWrD_92ngq2b70X3jjnRXk2tB6Q&ust=1474755960921299,200,,http://www.google.com/url?sa=i&rct=j&q=&esrc=s&source=images&cd=&cad=rja&uact=8&ved=0ahUKEwiqi-3TxKbPAhUD1mMKHVbyAMUQjRwIBw&url=http%3A%2F%2Ffr.123rf.com%2Fclipart-vecteurs%2Frestaurant_icone.html&bvm=bv.133700528,d.cGc&psig=AFQjCNEzWrD_92ngq2b70X3jjnRXk2tB6Q&ust=1474755960921299
https://www.lanecountyor.gov/cms/One.aspx?portalId=3585881&pageId=4078560,http://www.ohd.hr.state.or.us/,200,,http://www.ohd.hr.state.or.us/
https://www.lanecountyor.gov/cms/One.aspx?portalId=3585881&pageId=4078560,http://orfoodhandlers.com/,200,,https://www.orfoodhandlers.com/
https://www.lanecountyor.gov/cms/One.aspx?portalId=3585881&pageId=7410414,https://www.oregon.gov/oha/PH/DISEASESCONDITIONS/CHRONICDISEASE/HPCDPCONNECTION/TOBACCO/Pages/Worksites.aspx,404,,https://www.oregon.gov/oha/PH/DISEASESCONDITIONS/CHRONICDISEASE/HPCDPCONNECTION/TOBACCO/Pages/Worksites.aspx
https://www.lanecountyor.gov/cms/One.aspx?portalId=3585881&pageId=7410414,https://www.oregon.gov/oha/PH/DISEASESCONDITIONS/CHRONICDISEASE/HPCDPCONNECTION/TOBACCO/Pages/Colleges.aspx,404,,https://www.oregon.gov/oha/PH/DISEASESCONDITIONS/CHRONICDISEASE/HPCDPCONNECTION/TOBACCO/Pages/Colleges.aspx
https://www.lanecountyor.gov/cms/One.aspx?portalId=3585881&pageId=7410414,https://www.oregon.gov/oha/ph/preventionwellness/tobaccoprevention/smokefreeworkplacelaw/pages/business.aspx,200,,https://www.oregon.gov/oha/ph/preventionwellness/tobaccoprevention/smokefreeworkplacelaw/pages/business.aspx
https://www.lanecountyor.gov/cms/One.aspx?portalId=3585881&pageId=7410414,https://www.lanecounty.org/UserFiles/Servers/Server_3585797/File/Government/County%20Departments/Health%20and%20Human%20Services/Public%20Health/Tobacco%20Prevention%20and%20Education%20Program/Lane2026_TARA_Tobacco.pdf,200,,https://cdnsm5-hosted.civiclive.com/UserFiles/Servers/Server_3585797/File/Government/County%20Departments/Health%20and%20Human%20Services/Public%20Health/Tobacco%20Prevention%20and%20Education%20Program/Lane2026_TARA_Tobacco.pdf
https://www.lanecountyor.gov/cms/One.aspx?portalId=3585881&pageId=7410414,https://www.lanecounty.org/UserFiles/Servers/Server_3585797/File/Government/County%20Departments/Health%20and%20Human%20Services/Public%20Health/Tobacco%20Prevention%20and%20Education%20Program/Oregon-Tobacco-21-Impact-Evaluation-Report.pdf,200,,https://cdnsm5-hosted.civiclive.com/UserFiles/Servers/Server_3585797/File/Government/County%20Departments/Health%20and%20Human%20Services/Public%20Health/Tobacco%20Prevention%20and%20Education%20Program/Oregon-Tobacco-21-Impact-Evaluation-Report.pdf
https://www.lanecountyor.gov/cms/One.aspx?portalId=3585881&pageId=7410414,https://www.oregon.gov/oha/PH/PREVENTIONWELLNESS/TOBACCOPREVENTION/SMOKEFREEWORKPLACELAW/Pages/complaints.aspx,200,,https://www.oregon.gov/oha/PH/PREVENTIONWELLNESS/TOBACCOPREVENTION/SMOKEFREEWORKPLACELAW/Pages/complaints.aspx
https://www.lanecountyor.gov/cms/One.aspx?portalId=3585881&pageId=7410414,https://www.lanecounty.org/UserFiles/Servers/Server_3585797/File/Government/County%20Departments/Health%20and%20Human%20Services/Public%20Health/Tobacco%20Prevention%20and%20Education%20Program/TPEP%20Youth%20Quit%20Poster.pdf,200,,https://cdnsm5-hosted.civiclive.com/UserFiles/Servers/Server_3585797/File/Government/County%20Departments/Health%20and%20Human%20Services/Public%20Health/Tobacco%20Prevention%20and%20Education%20Program/TPEP%20Youth%20Quit%20Poster.pdf
https://www.lanecountyor.gov/cms/One.aspx?portalId=3585881&pageId=7410414,https://www.lanecounty.org/cms/One.aspx?portalId=3585881&pageId=7500873,200,,https://www.lanecounty.org/cms/One.aspx?portalId=3585881&pageId=7500873
https://www.lanecountyor.gov/cms/One.aspx?portalId=3585881&pageId=7410414,https://www.oregon.gov/dor/programs/businesses/pages/statewide-tobacco-retail-license.aspx,200,,https://www.oregon.gov/dor/programs/businesses/pages/statewide-tobacco-retail-license.aspx
https://www.lanecountyor.gov/cms/One.aspx?portalId=3585881&pageId=7410414,https://www.oregon.gov/oha/PH/DISEASESCONDITIONS/CHRONICDISEASE/HPCDPCONNECTION/TOBACCO/Pages/Hospitals.aspx,404,,https://www.oregon.gov/oha/PH/DISEASESCONDITIONS/CHRONICDISEASE/HPCDPCONNECTION/TOBACCO/Pages/Hospitals.aspx
https://www.lanecountyor.gov/cms/One.aspx?portalId=3585881&pageId=7410414,https://www.oregon.gov/oha/PH/DISEASESCONDITIONS/CHRONICDISEASE/HPCDPCONNECTION/TOBACCO/Pages/Schools.aspx,404,,https://www.oregon.gov/oha/PH/DISEASESCONDITIONS/CHRONICDISEASE/HPCDPCONNECTION/TOBACCO/Pages/Schools.aspx
https://www.lanecountyor.gov/cms/One.aspx?portalId=3585881&pageId=7410414,https://www.oregon.gov/oha/PH/DISEASESCONDITIONS/CHRONICDISEASE/HPCDPCONNECTION/TOBACCO/Pages/Housing.aspx,404,,https://www.oregon.gov/oha/PH/DISEASESCONDITIONS/CHRONICDISEASE/HPCDPCONNECTION/TOBACCO/Pages/Housing.aspx
https://www.lanecountyor.gov/cms/One.aspx?portalId=3585881&pageId=7410414,https://www.lanecounty.org/UserFiles/Servers/Server_3585797/File/Government/County%20Departments/Health%20and%20Human%20Services/Public%20Health/Tobacco%20Prevention%20and%20Education%20Program/Lane%20County%20TPEP%20Flavor%20Ban%20One%20Pager%2011.8.23.pdf,200,,https://cdnsm5-hosted.civiclive.com/UserFiles/Servers/Server_3585797/File/Government/County%20Departments/Health%20and%20Human%20Services/Public%20Health/Tobacco%20Prevention%20and%20Education%20Program/Lane%20County%20TPEP%20Flavor%20Ban%20One%20Pager%2011.8.23.pdf
https://www.lanecountyor.gov/cms/One.aspx?portalId=3585881&pageId=7410414,https://www.cdc.gov/tobacco/campaign/tips/quit-smoking/index.html,200,,https://www.cdc.gov/tobacco/campaign/tips/quit-smoking/index.html
https://www.lanecountyor.gov/cms/One.aspx?portalId=3585881&pageId=7410414,https://www.oregon.gov/oha/PH/DISEASESCONDITIONS/CHRONICDISEASE/HPCDPCONNECTION/TOBACCO/Pages/OutdoorAreas.aspx,404,,https://www.oregon.gov/oha/PH/DISEASESCONDITIONS/CHRONICDISEASE/HPCDPCONNECTION/TOBACCO/Pages/OutdoorAreas.aspx
https://www.lanecountyor.gov/cms/One.aspx?portalId=3585881&pageId=7410414,https://www.lanecounty.org/UserFiles/Servers/Server_3585797/File/Government/County%20Departments/Health%20and%20Human%20Services/Public%20Health/Tobacco%20Prevention%20and%20Education%20Program/Quit_Resources_One_Pager_English_Jun2023.pdf,200,,https://cdnsm5-hosted.civiclive.com/UserFiles/Servers/Server_3585797/File/Government/County%20Departments/Health%20and%20Human%20Services/Public%20Health/Tobacco%20Prevention%20and%20Education%20Program/Quit_Resources_One_Pager_English_Jun2023.pdf
https://www.lanecountyor.gov/cms/One.aspx?portalId=3585881&pageId=7410414,https://secure.sos.state.or.us/oard/displayDivisionRules.action?selectedDivision=1230,200,,https://secure.sos.state.or.us/oard/displayDivisionRules.action?selectedDivision=1230
https://www.lanecountyor.gov/cms/One.aspx?portalId=3585881&pageId=7410414,https://truthinitiative.org/what-we-do/quit-smoking-tools,200,,https://truthinitiative.org/exprogram
https://www.lanecountyor.gov/cms/One.aspx?portalId=3585881&pageId=7410414,https://www.oregon.gov/oha/PH/DISEASESCONDITIONS/CHRONICDISEASE/HPCDPCONNECTION/TOBACCO/Documents/Tobacco%20Cessation%20Resources%20for%20Behavioral%20Health%20Systems_UPDATED%20for%20HPCDP%20Connection_July%2016%20(002).pdf,404,,https://www.oregon.gov/oha/PH/DISEASESCONDITIONS/CHRONICDISEASE/HPCDPCONNECTION/TOBACCO/Documents/Tobacco%20Cessation%20Resources%20for%20Behavioral%20Health%20Systems_UPDATED%20for%20HPCDP%20Connection_July%2016%20(002).pdf
